name,link
New York,/attractions/searchresults/us/new-york.en-gb.html?source=attractions_index_open_shop
Las Vegas,/attractions/searchresults/us/las-vegas.en-gb.html?source=attractions_index_open_shop
Key West,/attractions/searchresults/us/key-west.en-gb.html?source=attractions_index_open_shop
San Diego,/attractions/searchresults/us/san-diego.en-gb.html?source=attractions_index_open_shop
Miami,/attractions/searchresults/us/miami.en-gb.html?source=attractions_index_open_shop
Mexico City,/attractions/searchresults/mx/mexico.en-gb.html?source=attractions_index_open_shop
New Orleans,/attractions/searchresults/us/new-orleans.en-gb.html?source=attractions_index_open_shop
Orlando,/attractions/searchresults/us/orlando.en-gb.html?source=attractions_index_open_shop
Boston,/attractions/searchresults/us/boston.en-gb.html?source=attractions_index_open_shop
San Francisco,/attractions/searchresults/us/san-francisco.en-gb.html?source=attractions_index_open_shop
Vancouver,/attractions/searchresults/ca/vancouver.en-gb.html?source=attractions_index_open_shop
Guadalajara,/attractions/searchresults/mx/guadalajara.en-gb.html?source=attractions_index_open_shop
Niagara Falls,/attractions/searchresults/ca/niagara-falls.en-gb.html?source=attractions_index_open_shop
Phoenix,/attractions/searchresults/us/phoenix.en-gb.html?source=attractions_index_open_shop
Victoria,/attractions/searchresults/ca/victoria.en-gb.html?source=attractions_index_open_shop
Fort Lauderdale,/attractions/searchresults/us/fort-lauderdale.en-gb.html?source=attractions_index_open_shop
Los Angeles,/attractions/searchresults/us/los-angeles.en-gb.html?source=attractions_index_open_shop
Veracruz,/attractions/searchresults/mx/veracruz-mx.en-gb.html?source=attractions_index_open_shop
Mazatlán,/attractions/searchresults/mx/mazatlan.en-gb.html?source=attractions_index_open_shop
Dallas,/attractions/searchresults/us/dallas.en-gb.html?source=attractions_index_open_shop
San Jose del Cabo,/attractions/searchresults/mx/san-jose-del-cabo.en-gb.html?source=attractions_index_open_shop
Puerto Escondido,/attractions/searchresults/mx/puerto-escondido.en-gb.html?source=attractions_index_open_shop
Savannah,/attractions/searchresults/us/savannah.en-gb.html?source=attractions_index_open_shop
San Antonio,/attractions/searchresults/us/san-antonio.en-gb.html?source=attractions_index_open_shop
Acapulco,/attractions/searchresults/mx/acapulco-de-juarez.en-gb.html?source=attractions_index_open_shop
Whistler,/attractions/searchresults/ca/whistler.en-gb.html?source=attractions_index_open_shop
Merida,/attractions/searchresults/mx/merida.en-gb.html?source=attractions_index_open_shop
Cabo San Lucas,/attractions/searchresults/mx/san-lucas.en-gb.html?source=attractions_index_open_shop
Cozumel,/attractions/searchresults/mx/san-miguel-de-cozumel.en-gb.html?source=attractions_index_open_shop
Sonoma,/attractions/searchresults/us/sonoma.en-gb.html?source=attractions_index_open_shop
Baltimore,/attractions/searchresults/us/baltimore.en-gb.html?source=attractions_index_open_shop
Naples,/attractions/searchresults/us/naples.en-gb.html?source=attractions_index_open_shop
Sarasota,/attractions/searchresults/us/sarasota.en-gb.html?source=attractions_index_open_shop
Tulum,/attractions/searchresults/mx/sanya-cn.en-gb.html?source=attractions_index_open_shop
Fairbanks,/attractions/searchresults/us/fairbanks.en-gb.html?source=attractions_index_open_shop
Flagstaff,/attractions/searchresults/us/flagstaff.en-gb.html?source=attractions_index_open_shop
Pensacola,/attractions/searchresults/us/pensacola.en-gb.html?source=attractions_index_open_shop
Puerto Vallarta,/attractions/searchresults/mx/puerto-vallarta.en-gb.html?source=attractions_index_open_shop
Jackson,/attractions/searchresults/us/jackson-wyoming.en-gb.html?source=attractions_index_open_shop
Philadelphia,/attractions/searchresults/us/philadelphia.en-gb.html?source=attractions_index_open_shop
St. Augustine,/attractions/searchresults/us/saint-augustine.en-gb.html?source=attractions_index_open_shop
Tampa,/attractions/searchresults/us/tampa.en-gb.html?source=attractions_index_open_shop
Chicago,/attractions/searchresults/us/chicago.en-gb.html?source=attractions_index_open_shop
Seward,/attractions/searchresults/us/seward.en-gb.html?source=attractions_index_open_shop
Washington,/attractions/searchresults/us/washington.en-gb.html?source=attractions_index_open_shop
Branson,/attractions/searchresults/us/branson.en-gb.html?source=attractions_index_open_shop
Zihuatanejo,/attractions/searchresults/mx/zihuatanejo.en-gb.html?source=attractions_index_open_shop
Cancún,/attractions/searchresults/mx/cancun.en-gb.html?source=attractions_index_open_shop
Charlotte,/attractions/searchresults/us/charlotte.en-gb.html?source=attractions_index_open_shop
Cincinnati,/attractions/searchresults/us/cincinnati.en-gb.html?source=attractions_index_open_shop
Hartsville,/attractions/searchresults/us/hartsville-us-1.en-gb.html?source=attractions_index_open_shop
Santa Cruz Huatulco,/attractions/searchresults/mx/santa-cruz-huatulco.en-gb.html?source=attractions_index_open_shop
Atlanta,/attractions/searchresults/us/atlanta.en-gb.html?source=attractions_index_open_shop
Richmond,/attractions/searchresults/us/richmond.en-gb.html?source=attractions_index_open_shop
Kissimmee,/attractions/searchresults/us/kissimmee.en-gb.html?source=attractions_index_open_shop
Toronto,/attractions/searchresults/ca/toronto.en-gb.html?source=attractions_index_open_shop
Kahuku,/attractions/searchresults/us/kahuku.en-gb.html?source=attractions_index_open_shop
Scottsdale,/attractions/searchresults/us/scottsdale.en-gb.html?source=attractions_index_open_shop
Santa Barbara,/attractions/searchresults/us/santa-barbara.en-gb.html?source=attractions_index_open_shop
Portland,/attractions/searchresults/us/portland.en-gb.html?source=attractions_index_open_shop
Montréal,/attractions/searchresults/ca/montreal.en-gb.html?source=attractions_index_open_shop
Ottawa,/attractions/searchresults/ca/ottawa.en-gb.html?source=attractions_index_open_shop
Anchorage,/attractions/searchresults/us/anchorage.en-gb.html?source=attractions_index_open_shop
Kapalua West Maui Airport,/attractions/searchresults/us/kapalua-west-maui-airport.en-gb.html?source=attractions_index_open_shop
Denver,/attractions/searchresults/us/denver.en-gb.html?source=attractions_index_open_shop
Nashville,/attractions/searchresults/us/nashville.en-gb.html?source=attractions_index_open_shop
Tusayan,/attractions/searchresults/us/tusayan.en-gb.html?source=attractions_index_open_shop
San Miguel de Allende,/attractions/searchresults/mx/san-miguel-de-allende.en-gb.html?source=attractions_index_open_shop
Honolulu,/attractions/searchresults/us/honolulu.en-gb.html?source=attractions_index_open_shop
Quebec City,/attractions/searchresults/ca/quebec.en-gb.html?source=attractions_index_open_shop
Oaxaca City,/attractions/searchresults/mx/oaxaca-de-juarez.en-gb.html?source=attractions_index_open_shop
Denali,/attractions/searchresults/us/denali-national-park.en-gb.html?source=attractions_index_open_shop
Cleveland,/attractions/searchresults/us/cleveland.en-gb.html?source=attractions_index_open_shop
Playa del Carmen,/attractions/searchresults/mx/playa-del-carmen.en-gb.html?source=attractions_index_open_shop
Seattle,/attractions/searchresults/us/seattle.en-gb.html?source=attractions_index_open_shop
Sedona,/attractions/searchresults/us/sedona.en-gb.html?source=attractions_index_open_shop
Louisville,/attractions/searchresults/us/louisville.en-gb.html?source=attractions_index_open_shop
